Post URL,Account,Likes,Saved,Caption,Hashtags,Date Posted,Date Collected
https://www.tiktok.com/@popfits/video/7273877177387535634,popfits,3.2M,186.1K,THE LAST ONEEE üò∞üò∞ at least im donating them soon ü•∞ #fyp #downtowngirl #summeroutfits #vanillagirl #styletok #cleangirl #uo #itgirl #thatgirl2023 #howtobeitgirl #2022fall #urbanoutfitters #basicaussiegirl #preppy #aussiegirl #phase #iamjustaphase #trackpants #downtownaesthetic #y2k #grunge #fairygrunge #itgirl #itgirloutfits #thatgirlinspo #fashiontrend #microinfluencer #brandymelville #fashion #clothes #outfitinspo #jorts #ootd #elenagilbert #pinterest #rorygilmore #taylorswift #acubi #emmiol #yesstyle #shein #rockstargf #foryoupage #lgbtüè≥Ô∏è‚Äçüåà #streetwear #coquette #thrift #handm #hm #springoutfits #y2koutfits #relatable #floptok #viral ,#fyp #downtowngirl #summeroutfits #vanillagirl #styletok #cleangirl #uo #itgirl #thatgirl2023 #howtobeitgirl #2022fall #urbanoutfitters #basicaussiegirl #preppy #aussiegirl #phase #iamjustaphase #trackpants #downtownaesthetic #y2k #grunge #fairygrunge #itgirl #itgirloutfits #thatgirlinspo #fashiontrend #microinfluencer #brandymelville #fashion #clothes #outfitinspo #jorts #ootd #elenagilbert #pinterest #rorygilmore #taylorswift #acubi #emmiol #yesstyle #shein #rockstargf #foryoupage #lgbtüè≥Ô∏è‚Äçüåà #streetwear #coquette #thrift #handm #hm #springoutfits #y2koutfits #relatable #floptok #viral ,9/1/2023,11/17/2023,70.14867123287671
https://www.tiktok.com/@jaadiee/video/7265723058801904928,jaadiee,5.3M,286.9K,Replying to @Johnny  Anzeige| styling the Big Yellow Boots ü§ùüë¥üèªüî• #gramps #styling #howtostyle #crocs #mschf #bigredboots #astroboy #fashion #streetwear #style #outfit ,#gramps #styling #howtostyle #crocs #mschf #bigredboots #astroboy #fashion #streetwear #style #outfit ,8/10/2023,11/17/2023,53.31420547945205
https://www.tiktok.com/@varunah444/video/7224348044404247835,varunah444,3.5M,437.1K,So vamp I can't even ü©∏#fyp #fyp„Ç∑ #fy #trending #trend #viral #viralvideo #jewelry #vampire #fakeblood #beads #pearls #darkacademia #aesthetic #pinterest #goth #gothgirl #style #ootd #feminineenergy #divinefeminine #darkfeminine #pov #relatable #art #fashion #clothes #pinterest ,#fyp #fyp„Ç∑ #fy #trending #trend #viral #viralvideo #jewelry #vampire #fakeblood #beads #pearls #darkacademia #aesthetic #pinterest #goth #gothgirl #style #ootd #feminineenergy #divinefeminine #darkfeminine #pov #relatable #art #fashion #clothes #pinterest ,4/21/2023,11/17/2023,46.80022374429223
https://www.tiktok.com/@vivacious.honey/video/7029001518082936111,vivacious.honey,6.1M,281.3K,Team DAY or NIGHT? ‚òÄÔ∏èüåô OUTFITS ON MY LTK ‚ÄºÔ∏è #fyp #foryou #fashiontok #inspo #aesthetic #fashion #ootd #outfit #style #fallfashion #winterfashion ,#fyp #foryou #fashiontok #inspo #aesthetic #fashion #ootd #outfit #style #fallfashion #winterfashion ,11/10/2021,11/17/2023,43.980620800109044
https://www.tiktok.com/@jaadiee/video/7198199504405843205,jaadiee,14.6M,773.2K,Replying to @Big T.  Styling the Big Red Boot üÖ±Ô∏èü•µüë¥üèª #gramps #bigredboot #mschf #streetwear #fashion #styling #outfit #astroboy ,#gramps #bigredboot #mschf #streetwear #fashion #styling #outfit #astroboy ,2/9/2023,11/17/2023,43.50898695136417
https://www.tiktok.com/@larissa.appius/video/7104295411325635845,larissa.appius,4.3M,272.3K,How to style a black corset üñ§  #outfit #outfitideas #outfitinspo #outfitinspiration #suit #corset #corsettop #fashion #fashioninspo #fashiontiktok #style #foryoupage #foryou #aesthetic #aesthetics #oversized #trend #trending ,#outfit #outfitideas #outfitinspo #outfitinspiration #suit #corset #corsettop #fashion #fashioninspo #fashiontiktok #style #foryoupage #foryou #aesthetic #aesthetics #oversized #trend #trending ,6/1/2022,11/17/2023,42.63706290082602
https://www.tiktok.com/@devanondeck/video/6849509253208673541,devanondeck,5M,88.5K,Reply to @wibowowowo_17  NGL this was tougher than expected #outfits #styletips #fashion #tiktokfashionq ,#outfits #styletips #fashion #tiktokfashionq ,7/15/2020,11/17/2023,40.3020409461786
https://www.tiktok.com/@tamaradai/video/6922274540835900673,tamaradai,3.5M,77.2K,Reply to @vitavino.404  MASHA and The BEAR HERE WE GO!! #fyp #style #fashion #outfitideas #outfitinspiration #mashaandthebear ,#fyp #style #fashion #outfitideas #outfitinspiration #mashaandthebear ,1/27/2021,11/17/2023,38.829153431792236
https://www.tiktok.com/@jaadiee/video/7199683549602073862,jaadiee,9.3M,732K,Ready for their date ü•πüíê #grwm #valentinesday #vday #date #gramps #grandparents #fashion #streetwear #style ,#grwm #valentinesday #vday #date #gramps #grandparents #fashion #streetwear #style ,2/13/2023,11/17/2023,37.71113627746732
https://www.tiktok.com/@quentaloup/video/7248033321270136070,quentaloup,11M,1.5M,‚ù§Ô∏è so proud of this project !  #craft #fashion #diy #beadedjewelry ,#craft #fashion #diy #beadedjewelry ,6/23/2023,11/17/2023,34.15851272015655
https://www.tiktok.com/@richellezz/video/7243864166178573573,richellezz,4M,585.9K,a little balck dress is always the answer #dress #grwm #fashion #outfit #inspo ,#dress #grwm #fashion #outfit #inspo ,6/12/2023,11/17/2023,33.94538229004103
https://www.tiktok.com/@einfachminh/video/7059341527121693958,einfachminh,5.5M,894.5K,4 poses for non-photogenic people #part2  üí´ #fyp #foryoupage #fashion #foryou #style #pose ,#part2 #fyp #foryoupage #fashion #foryou #style #pose ,1/31/2022,11/17/2023,33.025710376799466
https://www.tiktok.com/@jusst_tiktokss/video/7211619823854374149,jusst_tiktokss,4.9M,440.8K,#myopinion #70s #90s #vibes #techfleece #fashion #style #fyp #nostalgic #fyp #viral #style #aaliyah #fyp #tupac #elvis #pricillapresley ,#myopinion #70s #90s #vibes #techfleece #fashion #style #fyp #nostalgic #fyp #viral #style #aaliyah #fyp #tupac #elvis #pricillapresley ,3/17/2023,11/17/2023,30.823198956294846
https://www.tiktok.com/@einfachminh/video/6997018648435035397,einfachminh,3.4M,855.6K,4 Poses For Mirror Selfies | Outfit is from @finelliclothing  üí´ #fyp #foryou #foryoupage #fashion #style #pose ,#fyp #foryou #foryoupage #fashion #style #pose ,8/16/2021,11/17/2023,30.119219538718465
https://www.tiktok.com/@baandood/video/7229406282552315138,baandood,3.5M,233.5K,#memes #tiktokcringe #savagechallenge #weirdpets #quotes #goal #inspirational #ootd #fashion #canttouchthis #junebugchallenge #lifestyle #motivation #workout #5mincraft #dancechallenge #dancelove #tiktokdance #fyp #foryou ,#memes #tiktokcringe #savagechallenge #weirdpets #quotes #goal #inspirational #ootd #fashion #canttouchthis #junebugchallenge #lifestyle #motivation #workout #5mincraft #dancechallenge #dancelove #tiktokdance #fyp #foryou ,5/4/2023,11/17/2023,28.460501240062115
https://www.tiktok.com/@gradcapremix/video/7194578085683940650,gradcapremix,4M,341K,"Some would say we‚Äôre obsessed üòç What‚Äôs not to love about our graduation cap inserts?? Check them out and more at gradcapremix.com, spring grads don‚Äôt miss out!!! #QuakerPregrain #ReadySetLift #seniorszn #graduation #gradcap #style #trend #fashion #curlyhair #superbowl #chiefs #burrow #burrowhead #classof2023 #senior #college #highschool #basketball #marchmadness ",#QuakerPregrain #ReadySetLift #seniorszn #graduation #gradcap #style #trend #fashion #curlyhair #superbowl #chiefs #burrow #burrowhead #classof2023 #senior #college #highschool #basketball #marchmadness ,1/30/2023,11/17/2023,28.15532787271101
https://www.tiktok.com/@yourboymoyo/video/7228594412056595738,yourboymoyo,3M,214.7K,Rating Celebrity Met Gala Outfits #metgala #metgala2023 #outfit #fashion ,#metgala #metgala2023 #outfit #fashion ,5/2/2023,11/17/2023,27.699878547991094
https://www.tiktok.com/@fouad_dz18_/video/7191906997447478534,fouad_dz18_,3.3M,305.1K,#winter #snow #nature #photography #love #christmas #travel #fashion #mountains #instagood #photooftheday #winterwonderland #naturephotography #landscape #cold #ski #picoftheday #instagram #autumn #beautiful #style #art #skiing #summer #sunset #photo #fall #ig #sky #mountain #algeria #algerie #jijel ,#winter #snow #nature #photography #love #christmas #travel #fashion #mountains #instagood #photooftheday #winterwonderland #naturephotography #landscape #cold #ski #picoftheday #instagram #autumn #beautiful #style #art #skiing #summer #sunset #photo #fall #ig #sky #mountain #algeria #algerie #jijel ,1/23/2023,11/17/2023,26.983916551745267
https://www.tiktok.com/@thvmxxs/video/6912827423864196354,thvmxxs,4M,430.6K,4 Poses For Non Photogenic Peopleüí´#foryoupage #foryou #fashion #style #poses #fyp ,#foryoupage #foryou #fashion #style #poses #fyp ,1/1/2021,11/17/2023,26.182255707762554
https://www.tiktok.com/@kenstyle.chinese/video/7183523433353973038,kenstyle.chinese,3.7M,155.2K,share style chinese #fashionstyles #fashion #fyp„Ç∑„Çöviral #fyp„Ç∑ #foryoupage #fashionstreet ,#fashionstyles #fashion #fyp„Ç∑„Çöviral #fyp„Ç∑ #foryoupage #fashionstreet ,1/1/2023,11/17/2023,25.62941152968036
https://www.tiktok.com/@mmivia/video/6940962742073363713,mmivia,3.3M,432.6K,Reply to @_matildalassebro  which pose is ur fav? what poses next?‚ú® ft @saviragunawan  üíñ ig:mmivia #fyp #poseideas #howtopose #style #fashion #foryou ,#fyp #poseideas #howtopose #style #fashion #foryou ,3/18/2021,11/17/2023,25.568909247747364
https://www.tiktok.com/@jaadiee/video/7205620682871377158,jaadiee,3.2M,117.9K,Replying to @Dgang  here you go üåäüíñ #Gramps #styling #diorb31 #fashion #streetwear #outfit #dior #grwm ,#Gramps #styling #diorb31 #fashion #streetwear #outfit #dior #grwm ,3/1/2023,11/17/2023,25.558625255865216
https://www.tiktok.com/@jarnocs/video/7111406871613050118,jarnocs,3.1M,318.7K,Do you like it? #fyp #foryou #fashion #style ,#fyp #foryou #fashion #style ,6/20/2022,11/17/2023,25.28131662011792
https://www.tiktok.com/@tamaradai/video/7048070348872453402,tamaradai,5M,134.7K,Reply to @conny_12389  ENCANTO HERE WE GO!! #fyp #fashiontransition #fashion #outfitinspiration #encanto #disney #2022 ,#fyp #fashiontransition #fashion #outfitinspiration #encanto #disney #2022 ,1/1/2022,11/17/2023,24.836784354897837
https://www.tiktok.com/@koltenkephart/video/7080274523022544171,koltenkephart,5.1M,89.1K,it had to be done ‚ùå #SmellLikeIrishSpring #OscarsAtHome #UnsealTheMeal #WomenOwnedBusiness #InstaxChallenge #fyp #foryoupage #famous #celebrity #fashion #style #redcarpet #oscars #movie #actor ,#SmellLikeIrishSpring #OscarsAtHome #UnsealTheMeal #WomenOwnedBusiness #InstaxChallenge #fyp #foryoupage #famous #celebrity #fashion #style #redcarpet #oscars #movie #actor ,3/28/2022,11/17/2023,24.725606383546396
https://www.tiktok.com/@ellawigs_1987/video/6999999577772264710,ellawigs_1987,4.4M,98.5K,Green apple üçè hair dye #colorhair #fashion #hair #fyp #hairstyles #MyColoredHair #newhaircolor #dyehair #applehair #greenhair #greenhaircolor ,#colorhair #fashion #hair #fyp #hairstyles #MyColoredHair #newhaircolor #dyehair #applehair #greenhair #greenhaircolor ,8/24/2021,11/17/2023,23.58939252598257
https://www.tiktok.com/@ang.moses/video/6922949081560026373,ang.moses,4.6M,62.9K,Who remembers #homeproject #clothes #fashion #fyp ,#homeproject #clothes #fashion #fyp ,1/28/2021,11/17/2023,23.150726321991453
https://www.tiktok.com/@luv_cheeds/video/7255823289430412586,luv_cheeds,7M,668K,#stitch  with  i cant feel my bottom half hut at least i dont look homeless #fyp #viral #homeless #classy #fashion ,#stitch #fyp #viral #homeless #classy #fashion ,7/14/2023,11/17/2023,23.038447488584477
https://www.tiktok.com/@emmanuel.uddenberg/video/6859759154748214534,emmanuel.uddenberg,3.5M,100.3K,‚ö∞Ô∏è attire #fyp #foryou #alphets #xyzbca #toronto #fashion #mensfashion #style #fy #streetfashion2020 ,#fyp #foryou #alphets #xyzbca #toronto #fashion #mensfashion #style #fy #streetfashion2020 ,8/11/2020,11/17/2023,22.233704604867818
https://www.tiktok.com/@deannagiulietti/video/6898736240070282502,deannagiulietti,3.3M,101.6K,Olivia would simply like another song preferably about her and Elsa. #harrystyles #onedirection #harry #onedirectionfan #fashion #storytime ,#harrystyles #onedirection #harry #onedirectionfan #fashion #storytime ,11/24/2020,11/17/2023,22.134658507923717
https://www.tiktok.com/@kangye1937/video/6921894142142418177,kangye1937,3.3M,75.4K,4ever young #outfit #outfitsinspo #ootd #fashion #cool #foryou #man ,#outfit #outfitsinspo #ootd #fashion #cool #foryou #man ,1/26/2021,11/17/2023,21.937906893863456
https://www.tiktok.com/@gunnardeatherage/video/6832399609604705541,gunnardeatherage,3.3M,80.2K,Let‚Äôs make 2$ fabric into a 60‚Äôs retro Party Dress! #fyp #fypage #sewing #tiktokdiy #diy #prom #dress #style #fashion #vintage #retro #desert ,#fyp #fypage #sewing #tiktokdiy #diy #prom #dress #style #fashion #vintage #retro #desert ,5/29/2020,11/17/2023,21.770679835515523
https://www.tiktok.com/@bobocu.id/video/6949375026462199042,bobocu.id,3.1M,56.4K,Balas @tavisha00  stay with me ya ‚ò∫Ô∏è #fashion #outfit #fyp #seojun ,#fashion #outfit #fyp #seojun ,4/10/2021,11/17/2023,21.630109214525444
https://www.tiktok.com/@moonswamp/video/6714316094888217862,moonswamp,3.6M,45.2K,"Wow, new fashion hair style design .... #fashion #hairstyle #hair #design #foryou #fyp ",#fashion #hairstyle #hair #design #foryou #fyp ,7/16/2019,11/17/2023,21.546003428258643
https://www.tiktok.com/@gioz111/video/7130344602581650693,gioz111,10.3M,714K,Cruella hace un vestido con capullos de polillas #parati #cruella #polilla #dress #fashion #disney #dise√±odemoda #emmastone ,#parati #cruella #polilla #dress #fashion #disney #dise√±odemoda #emmastone ,8/10/2022,11/17/2023,20.211415918752955
https://www.tiktok.com/@_ladew/video/7150400397515967750,_ladew,8.6M,821K,R√©ponse √† @_.royale_.tea  she is on another level of creativity #guopei #fashion #runway #xyzbca #viral #fyp ,#guopei #fashion #runway #xyzbca #viral #fyp ,10/3/2022,11/17/2023,19.862689609087873
https://www.tiktok.com/@hahahallberg/video/7204888387323530501,hahahallberg,8.9M,544.8K,@AVAVAV  Fashion Show #milanfashionweek #fail #fashionfail #fashionweek #funny #lol #fashion ,#milanfashionweek #fail #fashionfail #fashionweek #funny #lol #fashion ,2/27/2023,11/17/2023,18.98347059742695
https://www.tiktok.com/@_valentinemoon_/video/7017520592807103749,_valentinemoon_,12.4M,362K,Thank you sm for letting me know  my videos are being stolen! I have reported them so hopefully they get taken down ‚ù§Ô∏è #disney #sewing #fashion #diy ,#disney #sewing #fashion #diy ,10/10/2021,11/17/2023,17.863632277397258
https://www.tiktok.com/@amauryguichon/video/7146219727365377322,amauryguichon,4.2M,141.1K,Chocolate Tailored Dress! üéÄ Not my usual style but very elegant! What do you think? #amauryguichon #chocolate #fashion ,#amauryguichon #chocolate #fashion ,9/22/2022,11/17/2023,16.802869759975703
https://www.tiktok.com/@denisemmercedes/video/6798575975421463814,denisemmercedes,6M,120.7K,"My mini series with my bff @mariacastellanos_ri  called ‚ÄúStyle, Not Size‚Äù! Looks from #Zara  Which outfit was your fav? 1, 2, or 3?! #fashion ",#Zara #fashion ,2/28/2020,11/17/2023,16.555232358894692
https://www.tiktok.com/@mariahawthorneart/video/7055006218577825029,mariahawthorneart,4.9M,145K,I love this outfit so much #fashion #fashiontiktok #ArbysDiabloDare ,#fashion #fashiontiktok #ArbysDiabloDare ,1/19/2022,11/17/2023,16.549214091584343
https://www.tiktok.com/@nnekamichel/video/7041965229453921542,nnekamichel,5.3M,95.1K,Reply to @presciglory  to all my Indian family. Thank y‚Äôall üôèüèæ Indian flag üáÆüá≥ inspired outfit #fashion #india #fyp #viral ,#fashion #india #fyp #viral ,12/15/2021,11/17/2023,16.37483795808453
https://www.tiktok.com/@nickelodeon/video/6939314340780625158,nickelodeon,9.7M,498.5K,slime looks good on ya @charlidamelio  üíö #kca #slime #charlidamelio #surprise #fashion #slimed ,#kca #slime #charlidamelio #surprise #fashion #slimed ,3/14/2021,11/17/2023,16.131735019749556
https://www.tiktok.com/@shiftrobotics/video/7242322222776323371,shiftrobotics,5.4M,316K,Walker faster together üö∂üö∂‚Äç‚ôÄÔ∏è#innovation #Moonwalkers #Technology #fashion #industry40 ,#innovation #Moonwalkers #Technology #fashion #industry40 ,6/8/2023,11/17/2023,15.83757483510908
https://www.tiktok.com/@denisemmercedes/video/6802636680881900805,denisemmercedes,5.5M,93.4K,"Style, not size ep 4 with @mariacastellanos_ri  Items from @superdown  ! Which one is your favorite outfit? #fashion #superdown #bffgoals ",#fashion #superdown #bffgoals ,3/10/2020,11/17/2023,15.775479289339069
https://www.tiktok.com/@helin.erdemm/video/7251883902975970586,helin.erdemm,3.7M,196.5K,Nails are not it tbh #fyp„Ç∑„Çöviral #foryou #fyp #f√∂rdig #fy #foryoupage #f√∂rdig #parati #pourtoi #nails #cleangirlaesthetic #foryou #fashion ,#fyp„Ç∑„Çöviral #foryou #fyp #f√∂rdig #fy #foryoupage #f√∂rdig #parati #pourtoi #nails #cleangirlaesthetic #foryou #fashion ,7/4/2023,11/17/2023,14.259016921837228
https://www.tiktok.com/@coristrike/video/7127803333208968494,coristrike,6.4M,508.5K,@rachleahx  is gonna eat this up üíÄ#PostitAffirmations #fashion #ootd #styling #thneed ,#PostitAffirmations #fashion #ootd #styling #thneed ,8/3/2022,11/17/2023,14.112571765116481
https://www.tiktok.com/@iconic_modelss/video/7148142149866097926,iconic_modelss,6.4M,407K,Schiaparelli by Daniel Roseberry | #schiaparelli #danielroseberry #fashion ,#schiaparelli #danielroseberry #fashion ,9/27/2022,11/17/2023,13.421784773445731
https://www.tiktok.com/@jaadiee/video/6865297338781519110,jaadiee,9.8M,146.7K,Grateful Gramps üë¥üèªüíõ #gramps #opa #streetwear #fashion #drake #mode #makeover ,#gramps #opa #streetwear #fashion #drake #mode #makeover ,8/26/2020,11/17/2023,12.515968532688328
https://www.tiktok.com/@crescentshay/video/6930038872109812998,crescentshay,7.8M,326K,"üê∏ making a frog dress üê∏ (this is part 1, the base dress. part 2 will have the coat!) #frogtok #fashion #diy #frog ",#frogtok #fashion #diy #frog ,2/17/2021,11/17/2023,12.42524399404526
https://www.tiktok.com/@hellohoangphi/video/7215409790850305306,hellohoangphi,4.3M,236.9K,Balenciaga x The Simpson #balenciaga #thesimpsons #catwalk #fashion #xh ,#balenciaga #thesimpsons #catwalk #fashion #xh ,3/28/2023,11/17/2023,11.722705655075519
https://www.tiktok.com/@queyoun/video/7120250424430513454,queyoun,3.2M,580.9K,5 Suits every man must have in his closet! Trust me it will have you ready for any occasion!.Inspo: @LaDarius Campbell A udio:  @Steve Harvey .. .#mensfashion #fashi on #steve harvey #fives uits #5suit s #essen tial #menss tyleinspo ,.#mensfashion #fashi n #steve arvey #fives its #5suit  #essen ial #menss ,7/14/2022,11/17/2023,11.449013391736182
https://www.tiktok.com/@quirkyfactz/video/7228492663056600346,quirkyfactz,3.3M,221.6K,saved the best till last üòÆ‚Äçüí®üòÇ #fyp #metgala #metgala2023 #rating #redcarpet #celebrities #fashion ,#fyp #metgala #metgala2023 #rating #redcarpet #celebrities #fashion ,5/2/2023,11/17/2023,11.410431059406623
https://www.tiktok.com/@afteralwaysapparel/video/7232074155473063210,afteralwaysapparel,3.2M,173.1K,Textiles for dayz #upcycling #upcycledfashion #fashion #sewing #secondhand #motivation #design #fashiondesigner #tiktokfashion #womensfashion #mensfashion #streetwear #clothing #apparel #thrifted #custom #fyp #viral #trending #xyzbca ,#upcycling #upcycledfashion #fashion #sewing #secondhand #motivation #design #fashiondesigner #tiktokfashion #womensfashion #mensfashion #streetwear #clothing #apparel #thrifted #custom #fyp #viral #trending #xyzbca ,5/11/2023,11/17/2023,11.097618601297764
https://www.tiktok.com/@crescentshay/video/6913715799643639045,crescentshay,5.9M,389.8K,making my dream cottagecore dress (aka my daisy dress üåº) - inspired by the strawberry dress! #diy #fashion #cottagecore #strawberrydress ,#diy #fashion #cottagecore #strawberrydress ,1/4/2021,11/17/2023,11.062795698080624
https://www.tiktok.com/@georgina.gigii/video/6805228421417798918,georgina.gigii,4.4M,560.7K,How to get the rainbow effect on Insta stories üéÄ #instagram #instahacks #instastories #instastory #instagood #fashion #foryou #fy #fyp #foryoupage ,#instagram #instahacks #instastories #instastory #instagood #fashion #foryou #fy #fyp #foryoupage ,3/17/2020,11/17/2023,10.989488243712941
https://www.tiktok.com/@jermainefaust_/video/6907258218406350081,jermainefaust_,4.5M,511.4K,Poses ideas w your friends | @jujuuking_   üì∏ #foryoupage #foryou #fashion #poses #photoshoot #part1  [ Insta: Jermainefaust_ ],#foryoupage #foryou #fashion #poses #photoshoot #part1 ,12/17/2020,11/17/2023,10.8217947134864
https://www.tiktok.com/@mood_m1221/video/6978365096766508294,mood_m1221,6.6M,265.2K,"The sad thing about the fashion runway, this girl sufferedüòî #runway #sadgirl #sad #model #foryou #supermodel #design #pfw #fashion ",#runway #sadgirl #sad #model #foryou #supermodel #design #pfw #fashion ,6/27/2021,11/17/2023,10.755845972791038
https://www.tiktok.com/@dymon98/video/6994074972683603205,dymon98,6M,293.5K,Why be like everyone else? #haircut #fypage #fashion #glowup ,#haircut #fypage #fashion #glowup ,8/8/2021,11/17/2023,10.489275258394738
https://www.tiktok.com/@sh1ryinyin/video/6847003743809015046,sh1ryinyin,5.9M,348.1K,Take me back to Chinaüò´ #fashion #streetwear #xyzbca ,#fashion #streetwear #xyzbca ,7/8/2020,11/17/2023,10.483964129014971
https://www.tiktok.com/@deannagiulietti/video/6916914133887716613,deannagiulietti,8M,112.5K,She is righting her wrongs. #ootd #gown #dress #designer #love #laugh #comedy #jokes #happy #model #happy #goodvibes #fashion ,#ootd #gown #dress #designer #love #laugh #comedy #jokes #happy #model #happy #goodvibes #fashion ,1/12/2021,11/17/2023,10.455823895473781
https://www.tiktok.com/@katiecistus/video/7225087134271655214,katiecistus,3.5M,127.8K,repost for prom szn :) #prom #fashion #artist #repost #zendaya #promdiy #dress ,#prom #fashion #artist #repost #zendaya #promdiy #dress ,4/23/2023,11/17/2023,10.42677502634352
https://www.tiktok.com/@ceci.monge/video/6964798580116688134,ceci.monge,6.5M,189.3K,Ouch @converse #internship #design #smalldesigner #plzstopstealing #fashion #TWDSurvivalChallenge #fyp ,#internship #design #smalldesigner #plzstopstealing #fashion #TWDSurvivalChallenge #fyp ,5/21/2021,11/17/2023,9.840312961011593
https://www.tiktok.com/@steven.vuu/video/6799400401440476421,steven.vuu,5.3M,349.6K,Charlie at the Salon #fyp #foryou #asian #viet #vietnamese #renegade #dance #beauty #fashion #nailsalon #funny #comedy #whoeverhas #whileyouwerebusy ,#fyp #foryou #asian #viet #vietnamese #renegade #dance #beauty #fashion #nailsalon #funny #comedy #whoeverhas #whileyouwerebusy ,3/2/2020,11/17/2023,9.793604003437295
https://www.tiktok.com/@farrisfilms/video/7082392210632723754,farrisfilms,6.3M,135.2K,You barely get wet on this ride üòê @thatstraightfaceguy #fyp #foryou #AFairShotWithBlock #fashion #lifeadvice ,#fyp #foryou #AFairShotWithBlock #fashion #lifeadvice ,4/3/2022,11/17/2023,9.772326179860935
https://www.tiktok.com/@crescentshay/video/6884764760387128582,crescentshay,5.9M,262.3K,"making a 12ft social distancing dress - part 1: the hoopskirt! part 2 is going to be the overskirt, bodice, and a matching mask! üíï #diy #fashion ",#diy #fashion ,10/18/2020,11/17/2023,9.711310502283105
https://www.tiktok.com/@fashionquees/video/6961441107259460870,fashionquees,5.1M,289.3K,gigiü§Ø‚ú® #victoriasecret #gigihadid #bellahadid #model #catwalk #fashion #fyp„Ç∑ #foryou ,#victoriasecret #gigihadid #bellahadid #model #catwalk #fashion #fyp„Ç∑ #foryou ,5/12/2021,11/17/2023,9.389526897908686
https://www.tiktok.com/@ebond2338/video/6852361592852483334,ebond2338,5.6M,266.1K,"Once again, quarantine has ignited my love for crafting. I hope y‚Äôall enjoyed me Ôøºupcycling these jeans‚ò∫Ô∏è #upcycle #crafty #foryou #fashion ",#upcycle #crafty #foryou #fashion ,7/22/2020,11/17/2023,9.36660932365131
https://www.tiktok.com/@mikaylanogueira/video/6964088633653497094,mikaylanogueira,5.6M,224.7K,$70.00 sports bra? ü§î ignore how dirty my leggings are lmfao #makeup #beauty #fashion ,#makeup #beauty #fashion ,5/19/2021,11/17/2023,9.2668720259553
https://www.tiktok.com/@mod3ls/video/6972617905594748165,mod3ls,5.4M,231.3K,you can‚Äôt facetune the runway... üò≠#instamodels #model #supermodel #fashion #fyp #foryou ,#instamodels #model #supermodel #fashion #fyp #foryou ,6/11/2021,11/17/2023,9.160157803904648
https://www.tiktok.com/@annavgantt/video/7021248231778585862,annavgantt,5.8M,160.9K,Welcome to the reality of modeling in NYC. I'm so crushed. #fyp #nyc #modeling #fashion #model #nyclife ,#fyp #nyc #modeling #fashion #model #nyclife ,10/20/2021,11/17/2023,9.091650811436006
https://www.tiktok.com/@meraldpopup/video/6938445192978599174,meraldpopup,4.8M,293.5K,at least i can afford it so @dior  credits:@skipdin #fyp #diy #fashion ,#fyp #diy #fashion ,3/11/2021,11/17/2023,9.043876879896107
https://www.tiktok.com/@elf3141592/video/7084799954362944773,elf3141592,5.8M,111.1K,Can you learn these moves?#pose #fashion #uktiktok #photo #fyp ,#pose #fashion #uktiktok #photo #fyp ,4/10/2022,11/17/2023,9.04089387068119
https://www.tiktok.com/@jaadiee/video/7197455788917460229,jaadiee,3.5M,132.1K,Unboxing something crazy üëÄüÖ±Ô∏è #unboxing #streetwear #fashion #mschf @mschf #bigredboot ,#unboxing #streetwear #fashion #mschf #bigredboot ,2/7/2023,11/17/2023,8.998162495764557
https://www.tiktok.com/@albertinasacaca1/video/7111484274783587589,albertinasacaca1,5M,156.5K,al principio pens√© que se equivocaron de paquete ü§≠üòÅ #fashion ,#fashion ,6/21/2022,11/17/2023,8.949068013432118
https://www.tiktok.com/@yousparkle.ph/video/7148604096205966618,yousparkle.ph,3.2M,247.7K,Here‚Äôs a full asmr on our 300 restocked frog ringsüòå‚ú® #fyp #foryoupage #shopee_ph #rings #handmade #fashion #clayart #polymerclay ,#fyp #foryoupage #shopee_ph #rings #handmade #fashion #clayart #polymerclay ,9/29/2022,11/17/2023,8.55452630534048
https://www.tiktok.com/@studnioo/video/7143225802061057285,studnioo,3.6M,209.4K,Replying to @Vincent Huynh  Ralph Lauren>>> #ralph #lauren #ralphlauren #polo #fyp #foryou #foryoupage #fashio #fashion #fashiontiktok #fashioninspo #fashionweek #fashiontok ,#ralph #lauren #ralphlauren #polo #fyp #foryou #foryoupage #fashio #fashion #fashiontiktok #fashioninspo #fashionweek #fashiontok ,9/14/2022,11/17/2023,8.484937829293994
https://www.tiktok.com/@mmivia/video/6945415261247835393,mmivia,3.2M,382.7K,Reply to @iamliyaaaaan  which pose is ur fav? what poses next? üñ§ ig: mmivia ft. @saviragunawan @kuromiisme #fyp #poseideas #howtopose #pose #fashion ,#fyp #poseideas #howtopose #pose #fashion ,3/30/2021,11/17/2023,8.315294933500413
https://www.tiktok.com/@officialhambly/video/6875003655054019846,officialhambly,4.6M,247.3K,The House dresses in one video! #harrypotter #harrypotterfashion #fashion #hogwartshouses #xyzbca #fashiondiy ,#harrypotter #harrypotterfashion #fashion #hogwartshouses #xyzbca #fashiondiy ,9/21/2020,11/17/2023,8.20163156392694
https://www.tiktok.com/@usizeshoes/video/7084417182884531499,usizeshoes,4.7M,119K,These shoes could be a relic.#shoes #sneakers #foryou #sports #cleaning #fashion #washing ,#shoes #sneakers #foryou #sports #cleaning #fashion #washing ,4/9/2022,11/17/2023,7.986399150544912
https://www.tiktok.com/@nataliesoutlet/video/7181152194488552750,nataliesoutlet,3M,132.2K,"I Tested the Skims MICRO THONG üòÇ lol wait til the end for my husbands reaction HA! OKAY, on a real note, is this thong worth it???? Do we really need to ‚Äúfloss‚Äù all up in there??? Pls tell me your perspectives üëÄ #skims #review #fashion ",#skims #review #fashion ,12/25/2022,11/17/2023,7.9363018725650365
https://www.tiktok.com/@herbert_makayla/video/7141576450964016426,herbert_makayla,3.3M,184.6K,I want it in every color #skimsreview #skims #dress #fashion #haul #tryon ,#skimsreview #skims #dress #fashion #haul #tryon ,9/10/2022,11/17/2023,7.903847448511499
https://www.tiktok.com/@crescentshay/video/6899251993831869701,crescentshay,5.1M,159.9K,"making a 12ft social distancing dress, part 2! yall it took a MONTH to make, but here‚Äôs the skirt, bodice and the finished 12ft dress!! #diy #fashion ",#diy #fashion ,11/26/2020,11/17/2023,7.90226193899947
https://www.tiktok.com/@hijabiofficial/video/6995575117598215429,hijabiofficial,5.1M,100.9K,"Ihr findet die Kleidung bei uns im Onlineshop, werft gerne mal einen Blick rein. üòäü•∞ #Hijab #abaya #fashion #beautiful #transformation #mode ",#Hijab #abaya #fashion #beautiful #transformation #mode ,8/12/2021,11/17/2023,7.645340295837406
https://www.tiktok.com/@derschutze/video/7103228656369061125,derschutze,3.1M,226.8K,next release 30 May 6PM CEST #fyp #foryou #varsity #embroidery #streetwear #fashion #clothingbrand #fy ,#fyp #foryou #varsity #embroidery #streetwear #fashion #clothingbrand #fy ,5/29/2022,11/17/2023,7.603769495676129
https://www.tiktok.com/@_valentinemoon_/video/6986347950154861830,_valentinemoon_,5.1M,96.3K,Can you count how many layers are in this dress? #disney #sewing #fashion #diy #princess ,#disney #sewing #fashion #diy #princess ,7/18/2021,11/17/2023,7.558359830214162
https://www.tiktok.com/@lynelisxx/video/7117978881377832219,lynelisxx,3M,213.7K,Here‚Äôs the part 2!! #fyp #foryou #fashion #career #student #college #edutok ,#fyp #foryou #fashion #career #student #college #edutok ,7/8/2022,11/17/2023,7.543135442793749
https://www.tiktok.com/@belllajasmine/video/6773713825943342342,belllajasmine,4.7M,180.8K,My experiences meeting Billieüíö #billieeilish #billie #art #fashion #draw #fyp ,#billieeilish #billie #art #fashion #draw #fyp ,12/23/2019,11/17/2023,7.4472934390771455
https://www.tiktok.com/@lukeandsassyscott/video/7082857904205827329,lukeandsassyscott,3.9M,146.8K,Watch my brother go from 0 to 100 ü™É @scottoscotto #fyp #funny #prank #boomerang #brother #family #gay #fashion #fail ,#fyp #funny #prank #boomerang #brother #family #gay #fashion #fail ,4/4/2022,11/17/2023,7.425862828582007
https://www.tiktok.com/@zaddysama/video/7005945449664367878,zaddysama,4.2M,112K,Reply to @ongodbronocap  don‚Äôt everyone wear them like thisü§î #fyp #fashion #fyp„Ç∑ #viral ,#fyp #fashion #fyp„Ç∑ #viral ,9/9/2021,11/17/2023,6.880625439333413
https://www.tiktok.com/@livportio/video/6939653828031565061,livportio,3.8M,153.4K,Young entrepreneur! #smallbusiness #jewelry #youngentrepreneur #fashion #handmade #art #story #dayinmylife ,#smallbusiness #jewelry #youngentrepreneur #fashion #handmade #art #story #dayinmylife ,3/14/2021,11/17/2023,6.61909118413312
https://www.tiktok.com/@lipstick552/video/7068604664366828806,lipstick552,3.9M,72.7K,#CapCut #makeup #fashion #lipgloss ,#CapCut #makeup #fashion #lipgloss ,2/25/2022,11/17/2023,6.567182648401826
https://www.tiktok.com/@mine_ja/video/6973318742151367941,mine_ja,3.7M,140.7K,#2021 #fyp #viral #china #couple #fashion ,#2021 #fyp #viral #china #couple #fashion ,6/13/2021,11/17/2023,6.510511914873902
https://www.tiktok.com/@michelletiang/video/6918607670136081669,michelletiang,4.3M,95.7K,It‚Äôs all about comfort for him #FamilyLife #teen #fashion #children #family #humor @zacharylim23 @chaelanl ,#FamilyLife #teen #fashion #children #family #humor ,1/17/2021,11/17/2023,6.491829495773827
https://www.tiktok.com/@charxstyle/video/6886565115408190726,charxstyle,4.1M,124.1K,You guys are my light ü§ç #ComingOfAge #thriftshop #foryou #fashion #storytime ,#ComingOfAge #thriftshop #foryou #fashion #storytime ,10/22/2020,11/17/2023,6.483657802170274
https://www.tiktok.com/@tiktok_fashion_show/video/7026690473863564545,tiktok_fashion_show,3.5M,124.3K,CENTRAL SAINT MARTINS MA FASHION 2018                                                                         #runway #fashion #catwalk ,#runway #fashion #catwalk ,11/4/2021,11/17/2023,6.393399159276536
https://www.tiktok.com/@marshmello/video/6862789377022627078,marshmello,4.6M,61.6K,Respect the drip #fashion #trend #shoe ,#fashion #trend #shoe ,8/19/2020,11/17/2023,6.316710941564071
https://www.tiktok.com/@crescentshay/video/6989784989311307014,crescentshay,3.4M,128.7K,"making a fiber optics dress - aka making a dress out of light up fabric! ‚ö°Ô∏è(this is part 1, the skirt. part 2 will be the top!) #diy #fashion #sewing ",#diy #fashion #sewing ,7/28/2021,11/17/2023,6.15187465167735
https://www.tiktok.com/@ricarlodresses15/video/6829763950557596934,ricarlodresses15,3.9M,113K,RICARLODRESSES @xcrystalll @13riiii @jamaro821985 @210.ashlxy @s.sammy._ #ricardodresses #foryou #dress #quincea√±era #morileeoffical #fashion ,#ricardodresses #foryou #dress #quincea√±era #morileeoffical #fashion ,5/22/2020,11/17/2023,6.0434427216619
https://www.tiktok.com/@yayayage_/video/6941443834391874822,yayayage_,3.2M,154.7K,Leonardo DiCaprio Berlin Ver.ü§© #fashion #milan #ootd ,#fashion #milan #ootd ,3/19/2021,11/17/2023,6.021721592588942
